x_mm,y_mm,eps_x,eps_y,gamma_xy  (P=83.4kN, step=35)
7.000000000000000000e+01,7.000000000000000000e+01,4.063853073236220557e-05,-9.690751837316376931e-05,3.901845275438350219e-06
9.000000000000000000e+01,7.000000000000000000e+01,3.083572734992829159e-05,-8.076716313725818604e-05,-2.770089540752791090e-05
1.100000000000000000e+02,7.000000000000000000e+01,2.482529938422822416e-05,-6.462680790135262989e-05,-6.729578010600125273e-05
1.300000000000000000e+02,7.000000000000000000e+01,2.500893932285625426e-05,-4.848645266544704662e-05,-1.031883193368863226e-04
1.500000000000000000e+02,7.000000000000000000e+01,2.891725080597653692e-05,-3.234609742954148369e-05,-8.236061726535245627e-05
1.700000000000000000e+02,7.000000000000000000e+01,3.476776481137108235e-05,-2.699788814205566687e-05,-6.879529630317387210e-05
1.900000000000000000e+02,7.000000000000000000e+01,4.190458283734209346e-05,-2.164967885456984666e-05,-5.672788398037110818e-05
2.100000000000000000e+02,7.000000000000000000e+01,4.749328701541456228e-05,-1.630146956708402646e-05,-5.079998345444530739e-05
2.300000000000000000e+02,7.000000000000000000e+01,5.406546120551966903e-05,-1.095326027959820625e-05,-4.640538086481138264e-05
2.500000000000000000e+02,7.000000000000000000e+01,5.962676973758438282e-05,-5.605050992112386891e-06,-2.971378776910457893e-05
2.700000000000000000e+02,7.000000000000000000e+01,6.628287451777693340e-05,-6.503611045870759207e-06,-2.061833452260215582e-05
2.900000000000000000e+02,7.000000000000000000e+01,7.776338725318769499e-05,-7.402171099629131522e-06,-9.340690766180572129e-06
3.100000000000000000e+02,7.000000000000000000e+01,1.010241896373794356e-04,-8.300731153387503838e-06,9.524520681863834679e-06
3.300000000000000000e+02,7.000000000000000000e+01,9.781712038911438332e-05,-9.199291207145877001e-06,-3.714935274333293542e-06
3.500000000000000000e+02,7.000000000000000000e+01,8.210689198221725782e-05,-1.009785126090424847e-05,-1.691590156600949362e-05
3.700000000000000000e+02,7.000000000000000000e+01,7.865709404190704965e-05,-8.339652626543821257e-06,-1.324100358564895316e-05
3.900000000000000000e+02,7.000000000000000000e+01,8.058289257783871615e-05,-6.581453992183392351e-06,-4.372682792236898936e-06
4.100000000000000000e+02,7.000000000000000000e+01,8.664718520473879183e-05,-4.823255357822965139e-06,2.134075133319789596e-06
4.300000000000000000e+02,7.000000000000000000e+01,9.915852269555911890e-05,-3.065056723462537080e-06,6.849037067667662583e-06
4.500000000000000000e+02,7.000000000000000000e+01,9.118180135027325456e-05,-1.306858089102109657e-06,4.087227643455535191e-06
4.700000000000000000e+02,7.000000000000000000e+01,7.615548488447490278e-05,-1.753989903729533348e-06,2.634469339719732990e-06
4.900000000000000000e+02,7.000000000000000000e+01,7.131519278914031474e-05,-2.201121718356957251e-06,1.470728319199548850e-05
5.100000000000000000e+02,7.000000000000000000e+01,7.384267002985665936e-05,-2.648253532984380730e-06,3.433540484186063294e-05
5.300000000000000000e+02,7.000000000000000000e+01,7.783733390966949336e-05,-3.095385347611805057e-06,4.728014592025504034e-05
5.500000000000000000e+02,7.000000000000000000e+01,6.659410045921935952e-05,-3.542517162239228536e-06,4.477701403948958404e-05
5.700000000000000000e+02,7.000000000000000000e+01,5.422767994557013157e-05,-6.298215711128425473e-06,3.982719850017593519e-05
5.900000000000000000e+02,7.000000000000000000e+01,4.534368360826605972e-05,-9.053914260017621987e-06,4.080757515397747472e-05
6.100000000000000000e+02,7.000000000000000000e+01,3.907344511311076121e-05,-1.180961280890681596e-05,4.678004615168023818e-05
6.300000000000000000e+02,7.000000000000000000e+01,3.630521760256617993e-05,-1.456531135779601332e-05,5.435282065928346000e-05
6.500000000000000000e+02,7.000000000000000000e+01,3.525482633500966667e-05,-1.732100990668520899e-05,5.808012488447073841e-05
6.700000000000000000e+02,7.000000000000000000e+01,3.816685296655204470e-05,-2.586483468599554115e-05,5.927689394916398801e-05
6.900000000000000000e+02,7.000000000000000000e+01,4.363436988758319140e-05,-3.440865946530587670e-05,6.357593437475862318e-05
7.100000000000000000e+02,7.000000000000000000e+01,4.840866477819770795e-05,-4.295248424461621225e-05,6.428475989978491175e-05
7.300000000000000000e+02,7.000000000000000000e+01,4.315041391295578170e-05,-5.149630902392655457e-05,4.864891846960206950e-05
7.000000000000000000e+01,9.000000000000000000e+01,3.614443318092506796e-05,-8.864686249141202174e-05,-3.132000114624266531e-05
9.000000000000000000e+01,9.000000000000000000e+01,2.866036016059777695e-05,-7.569811701036709985e-05,-6.605036965391290022e-05
1.100000000000000000e+02,9.000000000000000000e+01,2.375125571438903546e-05,-6.274937152932219151e-05,-1.085221204598706368e-04
1.300000000000000000e+02,9.000000000000000000e+01,2.349498927704655156e-05,-4.980062604827726285e-05,-1.073602882838253753e-04
1.500000000000000000e+02,9.000000000000000000e+01,2.645967950216563018e-05,-3.685188056723235451e-05,-9.542655394209334431e-05
1.700000000000000000e+02,9.000000000000000000e+01,3.063196079639079691e-05,-3.063290564205883762e-05,-8.590257583763376628e-05
1.900000000000000000e+02,9.000000000000000000e+01,3.626745072776098555e-05,-2.441393071688531733e-05,-7.583851252359560021e-05
2.100000000000000000e+02,9.000000000000000000e+01,4.069364275190546983e-05,-1.819495579171179705e-05,-7.031608199060882371e-05
2.300000000000000000e+02,9.000000000000000000e+01,4.661623315919538325e-05,-1.197598086653827846e-05,-5.488620919000527983e-05
2.500000000000000000e+02,9.000000000000000000e+01,5.169680394057049507e-05,-5.757005941364761562e-06,-3.906146003467430596e-05
2.700000000000000000e+02,9.000000000000000000e+01,5.758207737704674442e-05,-6.956397699005993842e-06,-3.005199740209135262e-05
2.900000000000000000e+02,9.000000000000000000e+01,6.732316841469330267e-05,-8.155789456647226122e-06,-2.063856474020104291e-05
3.100000000000000000e+02,9.000000000000000000e+01,8.559005543463658904e-05,-9.355181214288459248e-06,-6.738543124459579845e-06
3.300000000000000000e+02,9.000000000000000000e+01,8.366062201248306008e-05,-1.055457297192969238e-05,-6.277453761956456810e-06
3.500000000000000000e+02,9.000000000000000000e+01,7.298668138118733536e-05,-1.175396472957092381e-05,-1.423468094990360086e-05
3.700000000000000000e+02,9.000000000000000000e+01,7.070100249857609327e-05,-9.979094881504705695e-06,-1.030584324686957846e-05
3.900000000000000000e+02,9.000000000000000000e+01,7.201028704152808921e-05,-8.204225033438484194e-06,-2.984375369870207427e-06
4.100000000000000000e+02,9.000000000000000000e+01,7.618012388719941450e-05,-6.429355185372265235e-06,5.070022781081238192e-06
4.300000000000000000e+02,9.000000000000000000e+01,8.538705337158770850e-05,-4.654485337306045428e-06,1.748839087810452077e-05
4.500000000000000000e+02,9.000000000000000000e+01,7.940342702896963805e-05,-2.879615489239825621e-06,1.769551317143144115e-05
4.700000000000000000e+02,9.000000000000000000e+01,6.803922324299250927e-05,-3.882785131459145931e-06,1.431925862435388285e-05
4.900000000000000000e+02,9.000000000000000000e+01,6.408036793658453015e-05,-4.885954773678465393e-06,2.505080477129768336e-05
5.100000000000000000e+02,9.000000000000000000e+01,6.551729203153102690e-05,-5.889124415897785702e-06,4.223362216108773166e-05
5.300000000000000000e+02,9.000000000000000000e+01,6.763709278991912978e-05,-6.892294058117105165e-06,5.245699616360214890e-05
5.500000000000000000e+02,9.000000000000000000e+01,5.804521613135763393e-05,-7.895463700336425474e-06,5.011209479439483126e-05
5.700000000000000000e+02,9.000000000000000000e+01,4.794204979234140216e-05,-1.184458831938108154e-05,4.690531547205041189e-05
5.900000000000000000e+02,9.000000000000000000e+01,4.042954799945259418e-05,-1.579371293842574269e-05,4.818034788153959099e-05
6.100000000000000000e+02,9.000000000000000000e+01,3.497298331627445776e-05,-1.974283755747039876e-05,5.283971332157701780e-05
6.300000000000000000e+02,9.000000000000000000e+01,3.245958172657767058e-05,-2.369196217651505822e-05,5.637155829791917961e-05
6.500000000000000000e+02,9.000000000000000000e+01,3.153546579203169711e-05,-2.764108679555971428e-05,6.057066864371966121e-05
6.700000000000000000e+02,9.000000000000000000e+01,3.409635551546258913e-05,-3.662445691396581032e-05,6.283910166135454542e-05
6.900000000000000000e+02,9.000000000000000000e+01,3.855044803228676892e-05,-4.560782703237190635e-05,6.506918017771799755e-05
7.100000000000000000e+02,9.000000000000000000e+01,4.231594548423920406e-05,-5.459119715077799561e-05,6.761141062335763638e-05
7.300000000000000000e+02,9.000000000000000000e+01,3.849361437014269671e-05,-6.357456726918409842e-05,4.568281310338801279e-05
7.000000000000000000e+01,1.100000000000000000e+02,3.165033562948793713e-05,-8.172754601297617773e-05,-5.316606107027016406e-05
9.000000000000000000e+01,1.100000000000000000e+02,2.648499297126726570e-05,-7.131607556956095053e-05,-8.863124355907492553e-05
1.100000000000000000e+02,1.100000000000000000e+02,2.267721204454984675e-05,-6.090460512614575043e-05,-1.017508803105651185e-04
1.300000000000000000e+02,1.100000000000000000e+02,2.198103923123684886e-05,-5.049313468273054355e-05,-1.048502950995755544e-04
1.500000000000000000e+02,1.100000000000000000e+02,2.400210819835472682e-05,-4.008166423931532990e-05,-1.018647791378303295e-04
1.700000000000000000e+02,1.100000000000000000e+02,2.649615678141051148e-05,-3.313223437718004516e-05,-9.699397735552723666e-05
1.900000000000000000e+02,1.100000000000000000e+02,3.063031861817988442e-05,-2.618280451504475704e-05,-8.842397723900882105e-05
2.100000000000000000e+02,1.100000000000000000e+02,3.389399848839637737e-05,-1.923337465290947230e-05,-7.718753268624657150e-05
2.300000000000000000e+02,1.100000000000000000e+02,3.916700511287111780e-05,-1.228394479077418418e-05,-6.215682530833006500e-05
2.500000000000000000e+02,1.100000000000000000e+02,4.376683814355661410e-05,-5.334514928638900293e-06,-4.688265477834521435e-05
2.700000000000000000e+02,1.100000000000000000e+02,4.888128023631656223e-05,-7.186925104933402537e-06,-3.879057914564407975e-05
2.900000000000000000e+02,1.100000000000000000e+02,5.688294957619891034e-05,-9.039335281227903933e-06,-2.977623335071664630e-05
3.100000000000000000e+02,1.100000000000000000e+02,7.015592123189375604e-05,-1.089174545752240618e-05,-1.528967504147943579e-05
3.300000000000000000e+02,1.100000000000000000e+02,6.950412363585175039e-05,-1.274415563381690842e-05,-1.413585862862598943e-05
3.500000000000000000e+02,1.100000000000000000e+02,6.386647078015739935e-05,-1.459656581011141066e-05,-1.551772055708304949e-05
3.700000000000000000e+02,1.100000000000000000e+02,6.274491095524515043e-05,-1.323866595166261421e-05,-9.095785743155680280e-06
3.900000000000000000e+02,1.100000000000000000e+02,6.343768150521744871e-05,-1.188076609321381437e-05,-1.573644028555793058e-06
4.100000000000000000e+02,1.100000000000000000e+02,6.571306256966005072e-05,-1.052286623476501622e-05,6.699012185711036079e-06
4.300000000000000000e+02,1.100000000000000000e+02,7.161558404761632520e-05,-9.164966376316219766e-06,1.986319575987817264e-05
4.500000000000000000e+02,1.100000000000000000e+02,6.762505270766600799e-05,-7.807066517867421618e-06,2.357589761171001414e-05
4.700000000000000000e+02,1.100000000000000000e+02,5.992296160151013609e-05,-8.644614924145805422e-06,2.286617884519650311e-05
4.900000000000000000e+02,1.100000000000000000e+02,5.684554308402875911e-05,-9.482163330424190920e-06,3.347673639696105153e-05
5.100000000000000000e+02,1.100000000000000000e+02,5.719191403320541476e-05,-1.031971173670257472e-05,4.447495631570150195e-05
5.300000000000000000e+02,1.100000000000000000e+02,5.743685167016876621e-05,-1.115726014298096022e-05,5.408096921467912620e-05
5.500000000000000000e+02,1.100000000000000000e+02,4.949633180349590834e-05,-1.199480854925934403e-05,5.487471228623366066e-05
5.700000000000000000e+02,1.100000000000000000e+02,4.165641963911267953e-05,-1.607288402861178984e-05,5.297002297905078707e-05
5.900000000000000000e+02,1.100000000000000000e+02,3.551541239063914218e-05,-2.015095950796423396e-05,5.525473013834564744e-05
6.100000000000000000e+02,1.100000000000000000e+02,3.087252151943815432e-05,-2.422903498731667808e-05,5.702119748783243810e-05
6.300000000000000000e+02,1.100000000000000000e+02,2.861394585058916123e-05,-2.830711046666912559e-05,6.076620454007643896e-05
6.500000000000000000e+02,1.100000000000000000e+02,2.781610524905373433e-05,-3.238518594602156971e-05,6.634774482845514514e-05
6.700000000000000000e+02,1.100000000000000000e+02,3.002585806437314033e-05,-4.172840435034613158e-05,6.903711859400908060e-05
6.900000000000000000e+02,1.100000000000000000e+02,3.346652617699036000e-05,-5.107162275467069345e-05,7.298300108588890887e-05
7.100000000000000000e+02,1.100000000000000000e+02,3.622322619028071374e-05,-6.041484115899526210e-05,6.006643855536877521e-05
7.300000000000000000e+02,1.100000000000000000e+02,3.383681482732962527e-05,-6.975805956331981720e-05,4.372220032611917682e-05
7.000000000000000000e+01,1.300000000000000000e+02,2.715623807805079952e-05,-7.588108603108798889e-05,-6.481592639896331448e-05
9.000000000000000000e+01,1.300000000000000000e+02,2.430962578193675446e-05,-6.743940927116794332e-05,-8.016512926604887652e-05
1.100000000000000000e+02,1.300000000000000000e+02,2.160316837471065805e-05,-5.899773251124788419e-05,-9.539043444007139412e-05
1.300000000000000000e+02,1.300000000000000000e+02,2.046708918542714615e-05,-5.055605575132783862e-05,-1.034507569241370370e-04
1.500000000000000000e+02,1.300000000000000000e+02,2.154453689454382008e-05,-4.211437899140777950e-05,-1.037222367480902015e-04
1.700000000000000000e+02,1.300000000000000000e+02,2.236035276643022265e-05,-3.528976371776180201e-05,-1.034452056324763886e-04
1.900000000000000000e+02,1.300000000000000000e+02,2.499318650859877990e-05,-2.846514844411582453e-05,-9.549861834686902804e-05
2.100000000000000000e+02,1.300000000000000000e+02,2.709435422488728492e-05,-2.164053317046984705e-05,-8.539584515565030304e-05
2.300000000000000000e+02,1.300000000000000000e+02,3.171777706654684557e-05,-1.481591789682387126e-05,-7.213168576455282759e-05
2.500000000000000000e+02,1.300000000000000000e+02,3.583687234654273312e-05,-7.991302623177893783e-06,-5.741943258668665972e-05
2.700000000000000000e+02,1.300000000000000000e+02,4.018048309558637325e-05,-9.736212896115012925e-06,-5.065922430439211474e-05
2.900000000000000000e+02,1.300000000000000000e+02,4.644273073770452479e-05,-1.148112316905213037e-05,-3.966528354370146489e-05
3.100000000000000000e+02,1.300000000000000000e+02,5.472178702915089592e-05,-1.322603344198924952e-05,-2.742942306551898941e-05
3.300000000000000000e+02,1.300000000000000000e+02,5.534762525922043392e-05,-1.497094371492636866e-05,-2.426463780302526844e-05
3.500000000000000000e+02,1.300000000000000000e+02,5.474626017912747689e-05,-1.671585398786348611e-05,-2.078782972524998948e-05
3.700000000000000000e+02,1.300000000000000000e+02,5.478881941191420760e-05,-1.587887617820682375e-05,-1.128180501804079683e-05
3.900000000000000000e+02,1.300000000000000000e+02,5.486507596890682177e-05,-1.504189836855016308e-05,-2.050034520855469110e-06
4.100000000000000000e+02,1.300000000000000000e+02,5.524600125212067339e-05,-1.420492055889350072e-05,5.680936171082657843e-06
4.300000000000000000e+02,1.300000000000000000e+02,5.784411472364492835e-05,-1.336794274923683836e-05,1.581548665972284904e-05
4.500000000000000000e+02,1.300000000000000000e+02,5.584667838636239148e-05,-1.253096493958017600e-05,2.282161554468425843e-05
4.700000000000000000e+02,1.300000000000000000e+02,5.180669996002775613e-05,-1.318552426056945742e-05,2.938117569945830078e-05
4.900000000000000000e+02,1.300000000000000000e+02,4.961071823147298129e-05,-1.384008358155873713e-05,3.563890918869115106e-05
5.100000000000000000e+02,1.300000000000000000e+02,4.886653603487980263e-05,-1.449464290254802024e-05,4.611379890956428728e-05
5.300000000000000000e+02,1.300000000000000000e+02,4.723661055041840264e-05,-1.514920222353730165e-05,5.555946991827662835e-05
5.500000000000000000e+02,1.300000000000000000e+02,4.094744747563418952e-05,-1.580376154452658137e-05,5.814098676063570137e-05
5.700000000000000000e+02,1.300000000000000000e+02,3.537078948588395013e-05,-1.942638046356245276e-05,5.897858965451558018e-05
5.900000000000000000e+02,1.300000000000000000e+02,3.060127678182568341e-05,-2.304899938259832076e-05,5.959913214099390349e-05
6.100000000000000000e+02,1.300000000000000000e+02,2.677205972260185426e-05,-2.667161830163418876e-05,6.163075873820634187e-05
6.300000000000000000e+02,1.300000000000000000e+02,2.476830997460065527e-05,-3.029423722067006014e-05,6.687140142525926174e-05
6.500000000000000000e+02,1.300000000000000000e+02,2.409674470607576816e-05,-3.391685613970592814e-05,7.348905931590968786e-05
6.700000000000000000e+02,1.300000000000000000e+02,2.595536061328368137e-05,-4.271788684223542187e-05,7.746718607403765670e-05
6.900000000000000000e+02,1.300000000000000000e+02,2.838260432169394091e-05,-5.151891754476492914e-05,6.949055302652604952e-05
7.100000000000000000e+02,1.300000000000000000e+02,3.013050689632221663e-05,-6.031994824729442286e-05,5.890043445252490150e-05
7.300000000000000000e+02,1.300000000000000000e+02,2.918001528451654705e-05,-6.912097894982393014e-05,4.342839504214075525e-05
7.000000000000000000e+01,1.500000000000000000e+02,2.266214052661366868e-05,-7.102313009660407692e-05,-6.309661072492197620e-05
9.000000000000000000e+01,1.500000000000000000e+02,2.213425859260623982e-05,-6.311201194647539955e-05,-7.599967451069325941e-05
1.100000000000000000e+02,1.500000000000000000e+02,2.052912470487146596e-05,-5.520089379634674252e-05,-8.785757210196699235e-05
1.300000000000000000e+02,1.500000000000000000e+02,1.895313913961744345e-05,-4.728977564621807193e-05,-1.005282161528877542e-04
1.500000000000000000e+02,1.500000000000000000e+02,1.908696559073291672e-05,-3.937865749608940812e-05,-1.034917853928599623e-04
1.700000000000000000e+02,1.500000000000000000e+02,1.822454875144993722e-05,-3.383269751677922326e-05,-1.027838299156319665e-04
1.900000000000000000e+02,1.500000000000000000e+02,1.935605439901767877e-05,-2.828673753746904518e-05,-9.914383487714457282e-05
2.100000000000000000e+02,1.500000000000000000e+02,2.029470996137819246e-05,-2.274077755815886033e-05,-9.248669042859016302e-05
2.300000000000000000e+02,1.500000000000000000e+02,2.426854902022256995e-05,-1.719481757884868225e-05,-8.175410963661765924e-05
2.500000000000000000e+02,1.500000000000000000e+02,2.790690654952884876e-05,-1.164885759953849908e-05,-6.996088439682781311e-05
2.700000000000000000e+02,1.500000000000000000e+02,3.147968595485618428e-05,-1.326242214428109056e-05,-6.219405743658866915e-05
2.900000000000000000e+02,1.500000000000000000e+02,3.600251189921013925e-05,-1.487598668902368035e-05,-5.356014025670038719e-05
3.100000000000000000e+02,1.500000000000000000e+02,3.928765282640805614e-05,-1.648955123376627183e-05,-4.462902694721811392e-05
3.300000000000000000e+02,1.500000000000000000e+02,4.119112688258911746e-05,-1.810311577850885992e-05,-3.714249455559339526e-05
3.500000000000000000e+02,1.500000000000000000e+02,4.562604957809754765e-05,-1.971668032325145140e-05,-2.881941862394178549e-05
3.700000000000000000e+02,1.500000000000000000e+02,4.683272786858325799e-05,-1.902739433116944895e-05,-1.584567811759783574e-05
3.900000000000000000e+02,1.500000000000000000e+02,4.629247043259618127e-05,-1.833810833908744651e-05,-5.128686857540169628e-06
4.100000000000000000e+02,1.500000000000000000e+02,4.477893993458130283e-05,-1.764882234700544068e-05,1.849175862634132821e-06
4.300000000000000000e+02,1.500000000000000000e+02,4.407264539967352472e-05,-1.695953635492343823e-05,9.523379441020487628e-06
4.500000000000000000e+02,1.500000000000000000e+02,4.406830406505877497e-05,-1.627025036284143579e-05,1.896786722203086081e-05
4.700000000000000000e+02,1.500000000000000000e+02,4.369043831854537617e-05,-1.660590084477649183e-05,3.082569531598818035e-05
4.900000000000000000e+02,1.500000000000000000e+02,4.237589337891720348e-05,-1.694155132671154788e-05,4.154933405486043184e-05
5.100000000000000000e+02,1.500000000000000000e+02,4.054115803655418372e-05,-1.727720180864660392e-05,4.927698497244341103e-05
5.300000000000000000e+02,1.500000000000000000e+02,3.703636943066803230e-05,-1.761285229058165658e-05,5.679397205119473445e-05
5.500000000000000000e+02,1.500000000000000000e+02,3.239856314777247071e-05,-1.794850277251671262e-05,6.379142953884814750e-05
5.700000000000000000e+02,1.500000000000000000e+02,2.908515933265522072e-05,-2.118110114838494840e-05,6.425758146416151991e-05
5.900000000000000000e+02,1.500000000000000000e+02,2.568714117301222464e-05,-2.441369952425318418e-05,6.563503100750646261e-05
6.100000000000000000e+02,1.500000000000000000e+02,2.267159792576555082e-05,-2.764629790012141996e-05,6.896874450866731640e-05
6.300000000000000000e+02,1.500000000000000000e+02,2.092267409861214592e-05,-3.087889627598965574e-05,7.321413520142909352e-05
6.500000000000000000e+02,1.500000000000000000e+02,2.037738416309780538e-05,-3.411149465185789152e-05,8.068283589818630555e-05
6.700000000000000000e+02,1.500000000000000000e+02,2.188486316219422919e-05,-4.212620545201736739e-05,7.556827084339592070e-05
6.900000000000000000e+02,1.500000000000000000e+02,2.329868246639752520e-05,-5.014091625217684326e-05,6.794811263253335302e-05
7.100000000000000000e+02,1.500000000000000000e+02,2.403778760236372291e-05,-5.815562705233632591e-05,5.822005430612002053e-05
7.300000000000000000e+02,1.500000000000000000e+02,2.452321574170346883e-05,-6.617033785249580179e-05,4.594453183263264018e-05
7.000000000000000000e+01,1.700000000000000000e+02,1.918330834979807307e-05,-6.373879513695225780e-05,-6.093718200073474419e-05
9.000000000000000000e+01,1.700000000000000000e+02,1.869448733985767532e-05,-5.685019699205561537e-05,-7.411826413791813254e-05
1.100000000000000000e+02,1.700000000000000000e+02,1.715070298786037785e-05,-4.996159884715897293e-05,-8.676365972702060835e-05
1.300000000000000000e+02,1.700000000000000000e+02,1.577142166158521084e-05,-4.307300070226233727e-05,-9.663783928484288052e-05
1.500000000000000000e+02,1.700000000000000000e+02,1.559528835774481260e-05,-3.618440255736570161e-05,-1.011573753251841340e-04
1.700000000000000000e+02,1.700000000000000000e+02,1.481207371379604481e-05,-3.217970162235692501e-05,-1.032433296887086529e-04
1.900000000000000000e+02,1.700000000000000000e+02,1.583563990685538572e-05,-2.817500068734814841e-05,-1.007474199258039305e-04
2.100000000000000000e+02,1.700000000000000000e+02,1.675249678168422494e-05,-2.417029975233937519e-05,-9.732831176689677756e-05
2.300000000000000000e+02,1.700000000000000000e+02,2.006598570919245305e-05,-2.016559881733059859e-05,-8.815420236040516261e-05
2.500000000000000000e+02,1.700000000000000000e+02,2.336383462572431350e-05,-1.616089788232182199e-05,-7.781521212676632013e-05
2.700000000000000000e+02,1.700000000000000000e+02,2.657746627060102399e-05,-1.746195117095003846e-05,-7.128512229771728813e-05
2.900000000000000000e+02,1.700000000000000000e+02,3.097074490169862254e-05,-1.876300445957825155e-05,-6.227110199964332421e-05
3.100000000000000000e+02,1.700000000000000000e+02,3.418928106867847097e-05,-2.006405774820647141e-05,-5.414461310943823448e-05
3.300000000000000000e+02,1.700000000000000000e+02,3.627048836935051061e-05,-2.136511103683468450e-05,-4.532198863485012799e-05
3.500000000000000000e+02,1.700000000000000000e+02,4.045937106694180827e-05,-2.266616432546290097e-05,-2.866010328183110596e-05
3.700000000000000000e+02,1.700000000000000000e+02,4.177313833079845034e-05,-2.207895690667038510e-05,-1.602090948496284468e-05
3.900000000000000000e+02,1.700000000000000000e+02,4.157129809530234752e-05,-2.149174948787786583e-05,-5.314605238729360224e-06
4.100000000000000000e+02,1.700000000000000000e+02,4.025590176150953286e-05,-2.090454206908534996e-05,3.377010042074571751e-06
4.300000000000000000e+02,1.700000000000000000e+02,3.955900702175343682e-05,-2.031733465029283408e-05,1.055300104278927185e-05
4.500000000000000000e+02,1.700000000000000000e+02,3.941831988881766563e-05,-1.973012723150031482e-05,2.488284915179579096e-05
4.700000000000000000e+02,1.700000000000000000e+02,3.853212499049958866e-05,-1.965211742858751176e-05,3.712167189757636682e-05
4.900000000000000000e+02,1.700000000000000000e+02,3.667442792743821005e-05,-1.957410762567470192e-05,4.721866562329318545e-05
5.100000000000000000e+02,1.700000000000000000e+02,3.481864253728300754e-05,-1.949609782276189886e-05,5.679252871983066079e-05
5.300000000000000000e+02,1.700000000000000000e+02,3.157215598811370389e-05,-1.941808801984909241e-05,6.431185091855937043e-05
5.500000000000000000e+02,1.700000000000000000e+02,2.749765639627078709e-05,-1.934007821693628596e-05,6.890583568865478361e-05
5.700000000000000000e+02,1.700000000000000000e+02,2.430486116451103208e-05,-2.184377046675510720e-05,7.256754389754305028e-05
5.900000000000000000e+02,1.700000000000000000e+02,2.130555560919574339e-05,-2.434746271657392506e-05,7.482813793120222218e-05
6.100000000000000000e+02,1.700000000000000000e+02,1.864857842280318663e-05,-2.685115496639274631e-05,7.748642154171120182e-05
6.300000000000000000e+02,1.700000000000000000e+02,1.720902553664000305e-05,-2.935484721621156755e-05,8.369421254470826236e-05
6.500000000000000000e+02,1.700000000000000000e+02,1.676528258719111759e-05,-3.185853946603038541e-05,8.119347806949607949e-05
6.700000000000000000e+02,1.700000000000000000e+02,1.802860616127572221e-05,-3.924369063248661442e-05,7.655788479707731288e-05
6.900000000000000000e+02,1.700000000000000000e+02,1.920350136026422673e-05,-4.662884179894284344e-05,7.053535586851537571e-05
7.100000000000000000e+02,1.700000000000000000e+02,2.010188926224268932e-05,-5.401399296539907246e-05,6.143887683047957878e-05
7.300000000000000000e+02,1.700000000000000000e+02,2.074306197577289670e-05,-6.139914413185530826e-05,5.139283910650581469e-05
7.000000000000000000e+01,1.900000000000000000e+02,1.570447617298247067e-05,-5.735629552184606670e-05,-6.204128801864305855e-05
9.000000000000000000e+01,1.900000000000000000e+02,1.525471608710910912e-05,-5.153765565838080341e-05,-7.461082398978455862e-05
1.100000000000000000e+02,1.900000000000000000e+02,1.377228127084928804e-05,-4.571901579491554691e-05,-8.913622234057509111e-05
1.300000000000000000e+02,1.900000000000000000e+02,1.258970418355297314e-05,-3.990037593145029040e-05,-9.420697404721044179e-05
1.500000000000000000e+02,1.900000000000000000e+02,1.210361112475670848e-05,-3.408173606798503390e-05,-9.704383448517296456e-05
1.700000000000000000e+02,1.900000000000000000e+02,1.139959867614215410e-05,-3.130490749926441245e-05,-1.030312235644848060e-04
1.900000000000000000e+02,1.900000000000000000e+02,1.231522541469309606e-05,-2.852807893054379440e-05,-1.047641635886427559e-04
2.100000000000000000e+02,1.900000000000000000e+02,1.321028360199025402e-05,-2.575125036182317634e-05,-1.021814039001525844e-04
2.300000000000000000e+02,1.900000000000000000e+02,1.586342239816233276e-05,-2.297442179310256168e-05,-9.433785974446334040e-05
2.500000000000000000e+02,1.900000000000000000e+02,1.882076270191977485e-05,-2.019759322438194023e-05,-8.430767886791713990e-05
2.700000000000000000e+02,1.900000000000000000e+02,2.167524658634586030e-05,-2.130458598885453481e-05,-7.904992898910822305e-05
2.900000000000000000e+02,1.900000000000000000e+02,2.593897790418710583e-05,-2.241157875332712939e-05,-7.105494229705841655e-05
3.100000000000000000e+02,1.900000000000000000e+02,2.909090931094889258e-05,-2.351857151779972058e-05,-6.297402584321446059e-05
3.300000000000000000e+02,1.900000000000000000e+02,3.134984985611189698e-05,-2.462556428227231854e-05,-4.821448365692967432e-05
3.500000000000000000e+02,1.900000000000000000e+02,3.529269255578606210e-05,-2.573255704674490973e-05,-3.093781320890755357e-05
3.700000000000000000e+02,1.900000000000000000e+02,3.671354879301363592e-05,-2.515678073427269723e-05,-1.603682168484880051e-05
3.900000000000000000e+02,1.900000000000000000e+02,3.685012575800851377e-05,-2.458100442180048134e-05,-4.432272603185905669e-06
4.100000000000000000e+02,1.900000000000000000e+02,3.573286358843776966e-05,-2.400522810932826544e-05,4.590339441813466877e-06
4.300000000000000000e+02,1.900000000000000000e+02,3.504536864383334214e-05,-2.342945179685604955e-05,1.783726710819484129e-05
4.500000000000000000e+02,1.900000000000000000e+02,3.476833571257654951e-05,-2.285367548438383705e-05,3.101181120923911022e-05
4.700000000000000000e+02,1.900000000000000000e+02,3.337381166245380115e-05,-2.252986947715252881e-05,4.383695595778088980e-05
4.900000000000000000e+02,1.900000000000000000e+02,3.097296247595921663e-05,-2.220606346992121718e-05,5.408041415755306445e-05
5.100000000000000000e+02,1.900000000000000000e+02,2.909612703801183137e-05,-2.188225746268991233e-05,6.370940237616198106e-05
5.300000000000000000e+02,1.900000000000000000e+02,2.610794254555937887e-05,-2.155845145545860070e-05,7.029001490528422080e-05
5.500000000000000000e+02,1.900000000000000000e+02,2.259674964476910008e-05,-2.123464544822729246e-05,7.529601663261014386e-05
5.700000000000000000e+02,1.900000000000000000e+02,1.952456299636684005e-05,-2.313637529138324974e-05,7.826350127685183428e-05
5.900000000000000000e+02,1.900000000000000000e+02,1.692397004537925874e-05,-2.503810513453921040e-05,8.275740214682192667e-05
6.100000000000000000e+02,1.900000000000000000e+02,1.462555891984081397e-05,-2.693983497769517107e-05,8.707229073941521829e-05
6.300000000000000000e+02,1.900000000000000000e+02,1.349537697466785849e-05,-2.884156482085113173e-05,8.462148828531474397e-05
6.500000000000000000e+02,1.900000000000000000e+02,1.315318101128442811e-05,-3.074329466400708901e-05,8.350415346268731979e-05
6.700000000000000000e+02,1.900000000000000000e+02,1.417234916035721354e-05,-3.667495568195391074e-05,7.837684350422823986e-05
6.900000000000000000e+02,1.900000000000000000e+02,1.510832025413092486e-05,-4.260661669990072569e-05,7.363069570386021427e-05
7.100000000000000000e+02,1.900000000000000000e+02,1.616599092212165235e-05,-4.853827771784754742e-05,6.773949268544304445e-05
7.300000000000000000e+02,1.900000000000000000e+02,1.696290820984232118e-05,-5.446993873579436914e-05,5.279866022773870981e-05
7.000000000000000000e+01,2.100000000000000000e+02,1.222564399616687505e-05,-5.216514505206255089e-05,-6.514294212721647218e-05
9.000000000000000000e+01,2.100000000000000000e+02,1.181494483436054631e-05,-4.715892228809447935e-05,-7.805422424452265826e-05
1.100000000000000000e+02,2.100000000000000000e+02,1.039385955383819993e-05,-4.215269952412641460e-05,-8.551019996666375117e-05
1.300000000000000000e+02,2.100000000000000000e+02,9.407986705520738827e-06,-3.714647676015834984e-05,-9.233117210547076513e-05
1.500000000000000000e+02,2.100000000000000000e+02,8.611933891768604356e-06,-3.214025399619028508e-05,-9.738085655601916670e-05
1.700000000000000000e+02,2.100000000000000000e+02,7.987123638488263384e-06,-2.995131022817760428e-05,-1.027593454294128668e-04
1.900000000000000000e+02,2.100000000000000000e+02,8.794810922530806404e-06,-2.776236646016492010e-05,-1.046511238947959641e-04
2.100000000000000000e+02,2.100000000000000000e+02,9.668070422296288192e-06,-2.557342269215224270e-05,-1.043336910421947047e-04
2.300000000000000000e+02,2.100000000000000000e+02,1.166085908713221587e-05,-2.338447892413955852e-05,-9.762295904427603654e-05
2.500000000000000000e+02,2.100000000000000000e+02,1.427769077811523789e-05,-2.119553515612687772e-05,-8.908005077654942245e-05
2.700000000000000000e+02,2.100000000000000000e+02,1.677302690209069662e-05,-2.285124059384156708e-05,-8.388532113039382952e-05
2.900000000000000000e+02,2.100000000000000000e+02,2.090721090667558912e-05,-2.450694603155625982e-05,-7.742276542791091888e-05
3.100000000000000000e+02,2.100000000000000000e+02,2.399253755321931081e-05,-2.616265146927095257e-05,-6.479981554775313742e-05
3.300000000000000000e+02,2.100000000000000000e+02,2.642921134287329012e-05,-2.781835690698564531e-05,-5.071353251049931943e-05
3.500000000000000000e+02,2.100000000000000000e+02,3.012601404463031933e-05,-2.947406234470033466e-05,-3.404151216953389724e-05
3.700000000000000000e+02,2.100000000000000000e+02,3.165395925522882827e-05,-2.907404745019379497e-05,-1.818861966349643127e-05
3.900000000000000000e+02,2.100000000000000000e+02,3.212895342071468680e-05,-2.867403255568725528e-05,-5.278948598842031934e-06
4.100000000000000000e+02,2.100000000000000000e+02,3.120982541536600647e-05,-2.827401766118071221e-05,9.375237017521095899e-06
4.300000000000000000e+02,2.100000000000000000e+02,3.053173026591325423e-05,-2.787400276667417252e-05,2.262581131249966963e-05
4.500000000000000000e+02,2.100000000000000000e+02,3.011835153633543678e-05,-2.747398787216763283e-05,3.614841444782042996e-05
4.700000000000000000e+02,2.100000000000000000e+02,2.821549833440801703e-05,-2.655272342325392084e-05,4.854574820191823105e-05
4.900000000000000000e+02,2.100000000000000000e+02,2.527149702448022321e-05,-2.563145897434020547e-05,6.043140910062081588e-05
5.100000000000000000e+02,2.100000000000000000e+02,2.337361153874065520e-05,-2.471019452542649349e-05,6.963584436374150287e-05
5.300000000000000000e+02,2.100000000000000000e+02,2.064372910300505047e-05,-2.378893007651277812e-05,7.679331647848050178e-05
5.500000000000000000e+02,2.100000000000000000e+02,1.769584289326741984e-05,-2.286766562759906613e-05,8.375478869794436782e-05
5.700000000000000000e+02,2.100000000000000000e+02,1.474426482822264802e-05,-2.405334919863549040e-05,8.640095755142907115e-05
5.900000000000000000e+02,2.100000000000000000e+02,1.254238448156277748e-05,-2.523903276967191805e-05,9.030572134630707843e-05
6.100000000000000000e+02,2.100000000000000000e+02,1.060253941687844979e-05,-2.642471634070833893e-05,8.831731923788634455e-05
6.300000000000000000e+02,2.100000000000000000e+02,9.781728412695715619e-06,-2.761039991174476659e-05,8.774646888564405309e-05
6.500000000000000000e+02,2.100000000000000000e+02,9.541079435377740328e-06,-2.879608348278119085e-05,8.794261944993578284e-05
6.700000000000000000e+02,2.100000000000000000e+02,1.031609215943870657e-05,-3.386104285345771395e-05,8.280354931252114237e-05
6.900000000000000000e+02,2.100000000000000000e+02,1.101313914799762469e-05,-3.892600222413424043e-05,7.755930202717787887e-05
7.100000000000000000e+02,2.100000000000000000e+02,1.223009258200061706e-05,-4.399096159481076014e-05,6.547371404446071324e-05
7.300000000000000000e+02,2.100000000000000000e+02,1.318275444391174567e-05,-4.905592096548729340e-05,5.330399340663103861e-05
7.000000000000000000e+01,2.300000000000000000e+02,8.746811819351274348e-06,-4.663976181633274653e-05,-6.694635668158053078e-05
9.000000000000000000e+01,2.300000000000000000e+02,8.375173581611980106e-06,-4.248898857046672865e-05,-7.553489708312535289e-05
1.100000000000000000e+02,2.300000000000000000e+02,7.015437836827110121e-06,-3.833821532460071076e-05,-8.388362813146270597e-05
1.300000000000000000e+02,2.300000000000000000e+02,6.226269227488503669e-06,-3.418744207873469288e-05,-9.061329479841479992e-05
1.500000000000000000e+02,2.300000000000000000e+02,5.120256658780500235e-06,-3.003666883286867161e-05,-9.691228845924563552e-05
1.700000000000000000e+02,2.300000000000000000e+02,4.574648600834369284e-06,-2.849685770817892488e-05,-1.047309797112264064e-04
1.900000000000000000e+02,2.300000000000000000e+02,5.274396430368512511e-06,-2.695704658348917814e-05,-1.049932702307243288e-04
2.100000000000000000e+02,2.300000000000000000e+02,6.125857242602318972e-06,-2.541723545879943141e-05,-1.038221439391189211e-04
2.300000000000000000e+02,2.300000000000000000e+02,7.458295776102095580e-06,-2.387742433410968467e-05,-1.019259164367954394e-04
2.500000000000000000e+02,2.300000000000000000e+02,9.734618854310699240e-06,-2.233761320941993794e-05,-9.476123562932697289e-05
2.700000000000000000e+02,2.300000000000000000e+02,1.187080721783553293e-05,-2.459152293601869500e-05,-8.981826816573561581e-05
2.900000000000000000e+02,2.300000000000000000e+02,1.587544390916407241e-05,-2.684543266261745883e-05,-7.851294757241218767e-05
3.100000000000000000e+02,2.300000000000000000e+02,1.889416579548972903e-05,-2.909934238921621589e-05,-6.737985258440244403e-05
3.300000000000000000e+02,2.300000000000000000e+02,2.150857282963467988e-05,-3.135325211581497634e-05,-5.438739723489817966e-05
3.500000000000000000e+02,2.300000000000000000e+02,2.495933553347457994e-05,-3.360716184241373678e-05,-3.875023656534945613e-05
3.700000000000000000e+02,2.300000000000000000e+02,2.659436971744401723e-05,-3.346423963894380364e-05,-2.131802842965829068e-05
3.900000000000000000e+02,2.300000000000000000e+02,2.740778108342084967e-05,-3.332131743547386371e-05,-2.867388603159749690e-06
4.100000000000000000e+02,2.300000000000000000e+02,2.668678724229423311e-05,-3.317839523200392379e-05,1.215677113931783030e-05
4.300000000000000000e+02,2.300000000000000000e+02,2.601809188799316294e-05,-3.303547302853399064e-05,2.668999755855700387e-05
4.500000000000000000e+02,2.300000000000000000e+02,2.546836736009432404e-05,-3.289255082506405072e-05,3.964928019884748819e-05
4.700000000000000000e+02,2.300000000000000000e+02,2.305718500636222613e-05,-3.129308559999805070e-05,5.255085071245188890e-05
4.900000000000000000e+02,2.300000000000000000e+02,1.957003157300123318e-05,-2.969362037493205068e-05,6.365883885951508739e-05
5.100000000000000000e+02,2.300000000000000000e+02,1.765109603946947903e-05,-2.809415514986605066e-05,7.457904073019375928e-05
5.300000000000000000e+02,2.300000000000000000e+02,1.517951566045072545e-05,-2.649468992480005065e-05,8.390322666805158315e-05
5.500000000000000000e+02,2.300000000000000000e+02,1.279493614176573453e-05,-2.489522469973405063e-05,9.128121354516810276e-05
5.700000000000000000e+02,2.300000000000000000e+02,9.963966660078457690e-06,-2.530452665374729540e-05,9.677213905569977668e-05
5.900000000000000000e+02,2.300000000000000000e+02,8.160798917746292839e-06,-2.571382860776053679e-05,9.166008888550096956e-05
6.100000000000000000e+02,2.300000000000000000e+02,6.579519913916081365e-06,-2.612313056177378496e-05,8.907950810248898936e-05
6.300000000000000000e+02,2.300000000000000000e+02,6.068079850723571056e-06,-2.653243251578702973e-05,8.944597731192673452e-05
6.500000000000000000e+02,2.300000000000000000e+02,5.928977859471051697e-06,-2.694173446980027112e-05,9.075095736178741756e-05
6.700000000000000000e+02,2.300000000000000000e+02,6.459835158520198745e-06,-3.133691757734788353e-05,8.955048844435273508e-05
6.900000000000000000e+02,2.300000000000000000e+02,6.917958041864323672e-06,-3.573210068489549593e-05,7.458686024952808607e-05
7.100000000000000000e+02,2.300000000000000000e+02,8.294194241879583474e-06,-4.012728379244309479e-05,6.282441930163497812e-05
7.300000000000000000e+02,2.300000000000000000e+02,9.402600677981170146e-06,-4.452246689999071397e-05,5.096987576920122387e-05
7.000000000000000000e+01,2.500000000000000000e+02,5.267979642535677882e-06,-4.154728671328670526e-05,-6.427450456957899117e-05
9.000000000000000000e+01,2.500000000000000000e+02,4.935402328863415600e-06,-3.830908391608390899e-05,-7.379731568156136122e-05
1.100000000000000000e+02,2.500000000000000000e+02,3.637016119816021585e-06,-3.507088111888111273e-05,-8.280885753688901636e-05
1.300000000000000000e+02,2.500000000000000000e+02,3.044551749456268935e-06,-3.183267832167831646e-05,-9.119958106881144021e-05
1.500000000000000000e+02,2.500000000000000000e+02,1.628579425792396114e-06,-2.859447552447552359e-05,-9.851877999664475480e-05
1.700000000000000000e+02,2.500000000000000000e+02,1.162173563180477936e-06,-2.773591648115701855e-05,-1.027889710570816607e-04
1.900000000000000000e+02,2.500000000000000000e+02,1.753981938206220735e-06,-2.687735743783851013e-05,-1.062757614050849450e-04
2.100000000000000000e+02,2.500000000000000000e+02,2.583644062908350176e-06,-2.601879839452000509e-05,-1.060472475871966852e-04
2.300000000000000000e+02,2.500000000000000000e+02,3.255732465071977835e-06,-2.516023935120149666e-05,-1.052824699748112781e-04
2.500000000000000000e+02,2.500000000000000000e+02,5.191546930506163130e-06,-2.430168030788299163e-05,-1.016953703626137951e-04
2.700000000000000000e+02,2.500000000000000000e+02,6.968587533580371792e-06,-2.720453356400766602e-05,-9.416125139173260768e-05
2.900000000000000000e+02,2.500000000000000000e+02,1.084367691165255740e-05,-3.010738682013234380e-05,-8.233537579814567101e-05
3.100000000000000000e+02,2.500000000000000000e+02,1.379579403776014895e-05,-3.301024007625701480e-05,-7.135284852489934152e-05
3.300000000000000000e+02,2.500000000000000000e+02,1.658793431639607303e-05,-3.591309333238169936e-05,-5.985148069430726878e-05
3.500000000000000000e+02,2.500000000000000000e+02,1.979265702231883378e-05,-3.881594658850637036e-05,-4.547902383192180395e-05
3.700000000000000000e+02,2.500000000000000000e+02,2.153478017965920619e-05,-3.927314887919670569e-05,-2.314744958205839037e-05
3.900000000000000000e+02,2.500000000000000000e+02,2.268660874612701931e-05,-3.973035116988703425e-05,-2.757683274330741775e-06
4.100000000000000000e+02,2.500000000000000000e+02,2.216374906922246652e-05,-4.018755346057736958e-05,1.292228454297058199e-05
4.300000000000000000e+02,2.500000000000000000e+02,2.150445351007307165e-05,-4.064475575126769814e-05,2.689032548072988062e-05
4.500000000000000000e+02,2.500000000000000000e+02,2.081838318385320792e-05,-4.110195804195803347e-05,4.069175327675503257e-05
4.700000000000000000e+02,2.500000000000000000e+02,1.789887167831644201e-05,-3.781742191142190392e-05,5.572257465688087053e-05
4.900000000000000000e+02,2.500000000000000000e+02,1.386856612152223806e-05,-3.453288578088577437e-05,6.810544130660641025e-05
5.100000000000000000e+02,2.500000000000000000e+02,1.192858054019830285e-05,-3.124834965034964482e-05,8.047574498294037264e-05
5.300000000000000000e+02,2.500000000000000000e+02,9.715302217896398733e-06,-2.796381351981351527e-05,9.100431732878274207e-05
5.500000000000000000e+02,2.500000000000000000e+02,7.894029390264049211e-06,-2.467927738927738572e-05,1.026791265153610374e-04
5.700000000000000000e+02,2.500000000000000000e+02,5.183668491934266508e-06,-2.485918644831215611e-05,9.719223022465963585e-05
5.900000000000000000e+02,2.500000000000000000e+02,3.779213353929810311e-06,-2.503909550734692650e-05,9.465029329252960962e-05
6.100000000000000000e+02,2.500000000000000000e+02,2.556500410953712943e-06,-2.521900456638169688e-05,9.178063824166027935e-05
6.300000000000000000e+02,2.500000000000000000e+02,2.354431288751428187e-06,-2.539891362541646727e-05,9.119938552961213290e-05
6.500000000000000000e+02,2.500000000000000000e+02,2.316876283564363065e-06,-2.557882268445123766e-05,9.241921739137727641e-05
6.700000000000000000e+02,2.500000000000000000e+02,2.603578157601691346e-06,-2.933567353217637799e-05,8.190136351314631562e-05
6.900000000000000000e+02,2.500000000000000000e+02,2.822776935731024772e-06,-3.309252437990151493e-05,7.163143020245518115e-05
7.100000000000000000e+02,2.500000000000000000e+02,4.358295901758547343e-06,-3.684937522762665187e-05,5.976069644759922052e-05
7.300000000000000000e+02,2.500000000000000000e+02,5.622446912050597168e-06,-4.060622607535178881e-05,4.885907343778124771e-05
7.000000000000000000e+01,2.700000000000000000e+02,3.363671430292934906e-06,-3.823216946948255102e-05,-6.376031997209580205e-05
9.000000000000000000e+01,2.700000000000000000e+02,2.545188128342422732e-06,-3.488544531035050648e-05,-7.246051219818500956e-05
1.100000000000000000e+02,2.700000000000000000e+02,8.600057595147469555e-07,-3.153872115121846871e-05,-8.247257689578645079e-05
1.300000000000000000e+02,2.700000000000000000e+02,-2.936894968881425825e-07,-2.819199699208643095e-05,-8.981458947035182098e-05
1.500000000000000000e+02,2.700000000000000000e+02,-1.865994602909171827e-06,-2.484527283295438979e-05,-9.512625765588028442e-05
1.700000000000000000e+02,2.700000000000000000e+02,-2.748910312773572092e-06,-2.514612150568015060e-05,-1.020015780080465648e-04
1.900000000000000000e+02,2.700000000000000000e+02,-2.617211857973882730e-06,-2.544697017840590801e-05,-1.053149196490558981e-04
2.100000000000000000e+02,2.700000000000000000e+02,-2.383078652906529980e-06,-2.574781885113166881e-05,-1.096268987110616622e-04
2.300000000000000000e+02,2.700000000000000000e+02,-2.159836457176999030e-06,-2.604866752385742962e-05,-1.101220704146008405e-04
2.500000000000000000e+02,2.700000000000000000e+02,-4.706479384588924674e-07,-2.634951619658318703e-05,-1.051782060930840201e-04
2.700000000000000000e+02,2.700000000000000000e+02,1.520527867612962025e-06,-3.041321432943780870e-05,-1.004822062753446559e-04
2.900000000000000000e+02,2.700000000000000000e+02,5.418802578005023261e-06,-3.447691246229243038e-05,-9.025864135281885066e-05
3.100000000000000000e+02,2.700000000000000000e+02,8.734691955950567614e-06,-3.854061059514705544e-05,-7.885169797097581006e-05
3.300000000000000000e+02,2.700000000000000000e+02,1.246476838261300573e-05,-4.260430872800168728e-05,-6.687338649923483332e-05
3.500000000000000000e+02,2.700000000000000000e+02,1.618468212384583087e-05,-4.666800686085630556e-05,-4.674151864315249856e-05
3.700000000000000000e+02,2.700000000000000000e+02,1.852097276898030225e-05,-4.671181300001123958e-05,-2.273698941518012366e-05
3.900000000000000000e+02,2.700000000000000000e+02,2.013055751815644303e-05,-4.675561913916616682e-05,-1.869460445728588134e-06
4.100000000000000000e+02,2.700000000000000000e+02,1.971914084319784132e-05,-4.679942527832108728e-05,1.593999237189380465e-05
4.300000000000000000e+02,2.700000000000000000e+02,1.864047864397525871e-05,-4.684323141747602130e-05,3.064327734625694739e-05
4.500000000000000000e+02,2.700000000000000000e+02,1.685010924744028690e-05,-4.688703755663094853e-05,4.750292202732092812e-05
4.700000000000000000e+02,2.700000000000000000e+02,1.306893129462223098e-05,-4.232252495476863219e-05,6.373758923475546017e-05
4.900000000000000000e+02,2.700000000000000000e+02,8.605053847314753177e-06,-3.775801235290630230e-05,7.651810898617642204e-05
5.100000000000000000e+02,2.700000000000000000e+02,6.129204637925909818e-06,-3.319349975104398596e-05,8.968847551273412722e-05
5.300000000000000000e+02,2.700000000000000000e+02,3.676796135255585155e-06,-2.862898714918166285e-05,1.008564095108114352e-04
5.500000000000000000e+02,2.700000000000000000e+02,1.857284523091341348e-06,-2.406447454731933973e-05,1.019071542412001058e-04
5.700000000000000000e+02,2.700000000000000000e+02,-2.296402816689603344e-07,-2.379469853956575628e-05,9.914341989102967029e-05
5.900000000000000000e+02,2.700000000000000000e+02,-1.304936363427630380e-06,-2.352492253181216945e-05,9.556739679045180187e-05
6.100000000000000000e+02,2.700000000000000000e+02,-1.893569315222867429e-06,-2.325514652405858261e-05,9.455893600324337595e-05
6.300000000000000000e+02,2.700000000000000000e+02,-1.709779088164375083e-06,-2.298537051630499916e-05,9.497801661419193989e-05
6.500000000000000000e+02,2.700000000000000000e+02,-1.334387039209314737e-06,-2.271559450855141233e-05,8.662902661977458141e-05
6.700000000000000000e+02,2.700000000000000000e+02,-5.784851949474275510e-07,-2.618185734096007187e-05,7.603628857130757129e-05
6.900000000000000000e+02,2.700000000000000000e+02,2.410336148756448887e-07,-2.964812017336873479e-05,6.677728857301310200e-05
7.100000000000000000e+02,2.700000000000000000e+02,2.033520326734669717e-06,-3.311438300577739094e-05,5.829392175102815791e-05
7.300000000000000000e+02,2.700000000000000000e+02,3.665224385580812945e-06,-3.658064583818605725e-05,4.818712720177014493e-05
7.000000000000000000e+01,2.900000000000000000e+02,1.459363218050191294e-06,-3.209852400247185564e-05,-6.082759548269556194e-05
9.000000000000000000e+01,2.900000000000000000e+02,1.549739278214287775e-07,-2.967043852423978414e-05,-7.135562901694418700e-05
1.100000000000000000e+02,2.900000000000000000e+02,-1.917004600786528733e-06,-2.724235304600770925e-05,-8.140467018032012921e-05
1.300000000000000000e+02,2.900000000000000000e+02,-3.631930743232556429e-06,-2.481426756777563774e-05,-8.703831554110819167e-05
1.500000000000000000e+02,2.900000000000000000e+02,-5.360568631610739767e-06,-2.238618208954356285e-05,-9.174469857058670653e-05
1.700000000000000000e+02,2.900000000000000000e+02,-6.659994188727622756e-06,-2.360866192812053593e-05,-1.008401139308192230e-04
1.900000000000000000e+02,2.900000000000000000e+02,-6.988405654153989159e-06,-2.483114176669750902e-05,-1.084797559020755009e-04
2.100000000000000000e+02,2.900000000000000000e+02,-7.349801368721410559e-06,-2.605362160527447871e-05,-1.116896700602429621e-04
2.300000000000000000e+02,2.900000000000000000e+02,-7.575405379425978437e-06,-2.727610144385145518e-05,-1.131019870097575757e-04
2.500000000000000000e+02,2.900000000000000000e+02,-6.132842807423948383e-06,-2.849858128242842487e-05,-1.089503984488267134e-04
2.700000000000000000e+02,2.900000000000000000e+02,-3.927531798354451553e-06,-3.317396419827896043e-05,-1.065724983276357298e-04
2.900000000000000000e+02,2.900000000000000000e+02,-6.071755642511454080e-09,-3.784934711412949598e-05,-9.844922151157467277e-05
3.100000000000000000e+02,2.900000000000000000e+02,3.673589874140983738e-06,-4.252473002998002476e-05,-8.732689773159664514e-05
3.300000000000000000e+02,2.900000000000000000e+02,8.341602448829936735e-06,-4.720011294583056709e-05,-6.585815164657954932e-05
3.500000000000000000e+02,2.900000000000000000e+02,1.257670722537282458e-05,-5.187549586168109587e-05,-4.468444014044501989e-05
3.700000000000000000e+02,2.900000000000000000e+02,1.550716535830139493e-05,-5.230187512336305724e-05,-2.116500243919868922e-05
3.900000000000000000e+02,2.900000000000000000e+02,1.757450629018586676e-05,-5.272825438504501183e-05,2.209687802576746219e-06
4.100000000000000000e+02,2.900000000000000000e+02,1.727453261717321612e-05,-5.315463364672697320e-05,1.904018220352941186e-05
4.300000000000000000e+02,2.900000000000000000e+02,1.577650377787744238e-05,-5.358101290840893457e-05,4.000322049928684183e-05
4.500000000000000000e+02,2.900000000000000000e+02,1.288183531102736248e-05,-5.400739217009088917e-05,5.590659172576372782e-05
4.700000000000000000e+02,2.900000000000000000e+02,8.238990910928018269e-06,-4.790766892172617047e-05,7.350736896199059809e-05
4.900000000000000000e+02,2.900000000000000000e+02,3.341541573107264055e-06,-4.180794567336144500e-05,8.654063355468968963e-05
5.100000000000000000e+02,2.900000000000000000e+02,3.298287356535146648e-07,-3.570822242499672631e-05,1.003226164042063563e-04
5.300000000000000000e+02,2.900000000000000000e+02,-2.361709947385229694e-06,-2.960849917663200084e-05,1.021491886439539469e-04
5.500000000000000000e+02,2.900000000000000000e+02,-4.179460344081367363e-06,-2.350877592826727876e-05,1.043639256866605881e-04
5.700000000000000000e+02,2.900000000000000000e+02,-5.642949055272187654e-06,-2.277678478601543618e-05,1.011869129034874269e-04
5.900000000000000000e+02,2.900000000000000000e+02,-6.389086080785074035e-06,-2.204479364376359021e-05,9.843726318560561247e-05
6.100000000000000000e+02,2.900000000000000000e+02,-6.343639041399449919e-06,-2.131280250151174424e-05,9.627032164743447448e-05
6.300000000000000000e+02,2.900000000000000000e+02,-5.773989465080180471e-06,-2.058081135925990166e-05,8.887916530077308373e-05
6.500000000000000000e+02,2.900000000000000000e+02,-4.985650361982992964e-06,-1.984882021700805569e-05,8.225499247776902451e-05
6.700000000000000000e+02,2.900000000000000000e+02,-3.760548547496546236e-06,-2.265702537469106709e-05,7.151096573193368327e-05
6.900000000000000000e+02,2.900000000000000000e+02,-2.340709705979735312e-06,-2.546523053237407849e-05,6.210615818381217724e-05
7.100000000000000000e+02,2.900000000000000000e+02,-2.912552482892080139e-07,-2.827343569005708989e-05,5.517060043694510692e-05
7.300000000000000000e+02,2.900000000000000000e+02,1.708001859111029994e-06,-3.108164084774009791e-05,4.485595539718892344e-05
7.000000000000000000e+01,3.100000000000000000e+02,-4.449449941925513640e-07,-2.715971724937705034e-05,-5.874813007463889963e-05
9.000000000000000000e+01,3.100000000000000000e+02,-2.235240272699563853e-06,-2.514915918598810394e-05,-7.101918454391476898e-05
1.100000000000000000e+02,3.100000000000000000e+02,-4.694014961087803256e-06,-2.313860112259915754e-05,-7.679531538438626279e-05
1.300000000000000000e+02,3.100000000000000000e+02,-6.970171989576968053e-06,-2.112804305921021114e-05,-8.221762634512648287e-05
1.500000000000000000e+02,3.100000000000000000e+02,-8.855142660312307284e-06,-1.911748499582126474e-05,-8.879102892852622502e-05
1.700000000000000000e+02,3.100000000000000000e+02,-1.057107806468167130e-05,-2.088869317401667767e-05,-9.812676395618591158e-05
1.900000000000000000e+02,3.100000000000000000e+02,-1.135959945033409178e-05,-2.265990135221209400e-05,-1.067474262104715785e-04
2.100000000000000000e+02,3.100000000000000000e+02,-1.231652408453629241e-05,-2.443110953040750354e-05,-1.120270974844076210e-04
2.300000000000000000e+02,3.100000000000000000e+02,-1.299097430167495530e-05,-2.620231770860291986e-05,-1.122748118237976693e-04
2.500000000000000000e+02,3.100000000000000000e+02,-1.179503767638900117e-05,-2.797352588679833280e-05,-1.111843864070101602e-04
2.700000000000000000e+02,3.100000000000000000e+02,-9.375591464321861532e-06,-3.399719821149685081e-05,-1.100971719602009883e-04
2.900000000000000000e+02,3.100000000000000000e+02,-5.430946089290045009e-06,-4.002087053619536881e-05,-1.060357793294480994e-04
3.100000000000000000e+02,3.100000000000000000e+02,-1.387512207668597596e-06,-4.604454286089388682e-05,-8.988373789289703280e-05
3.300000000000000000e+02,3.100000000000000000e+02,4.218436515046868587e-06,-5.206821518559240483e-05,-6.860500822059276995e-05
3.500000000000000000e+02,3.100000000000000000e+02,8.968732326899819983e-06,-5.809188751029092284e-05,-4.605640652645577593e-05
3.700000000000000000e+02,3.100000000000000000e+02,1.249335794762248930e-05,-5.885850224429440316e-05,-2.040260115109926269e-05
3.900000000000000000e+02,3.100000000000000000e+02,1.501845506221529048e-05,-5.962511697829787671e-05,2.910946641785390596e-06
4.100000000000000000e+02,3.100000000000000000e+02,1.482992439114859261e-05,-6.039173171230135026e-05,3.204059827325278883e-05
4.300000000000000000e+02,3.100000000000000000e+02,1.291252891177963283e-05,-6.115834644630483059e-05,5.165673618549278332e-05
4.500000000000000000e+02,3.100000000000000000e+02,8.913561374614439764e-06,-6.192496118030830414e-05,6.563701781213927768e-05
4.700000000000000000e+02,3.100000000000000000e+02,3.409050527233807672e-06,-5.393212247922809897e-05,8.469519509790251577e-05
4.900000000000000000e+02,3.100000000000000000e+02,-1.921970701100220408e-06,-4.593928377814788025e-05,1.009509891298178072e-04
5.100000000000000000e+02,3.100000000000000000e+02,-5.469547166618877947e-06,-3.794644507706767508e-05,1.014976254059963531e-04
5.300000000000000000e+02,3.100000000000000000e+02,-8.400216030026040731e-06,-2.995360637598745975e-05,1.051799957713283804e-04
5.500000000000000000e+02,3.100000000000000000e+02,-1.021620521125407523e-05,-2.196076767490725120e-05,1.086926695061652922e-04
5.700000000000000000e+02,3.100000000000000000e+02,-1.105625782887541389e-05,-2.101054275906425215e-05,1.062289228053412695e-04
5.900000000000000000e+02,3.100000000000000000e+02,-1.147323579814251515e-05,-2.006031784322125311e-05,1.035653955827582433e-04
6.100000000000000000e+02,3.100000000000000000e+02,-1.079370876757603050e-05,-1.911009292737825746e-05,9.182827517013395489e-05
6.300000000000000000e+02,3.100000000000000000e+02,-9.838199841995983529e-06,-1.815986801153525842e-05,8.350412805124558368e-05
6.500000000000000000e+02,3.100000000000000000e+02,-8.636913684756670131e-06,-1.720964309569225937e-05,7.664256151326274199e-05
6.700000000000000000e+02,3.100000000000000000e+02,-6.942611900045664179e-06,-1.951887937559147447e-05,6.804426861922174287e-05
6.900000000000000000e+02,3.100000000000000000e+02,-4.922453026835114718e-06,-2.182811565549068618e-05,5.842750245838148953e-05
7.100000000000000000e+02,3.100000000000000000e+02,-2.616030823313085110e-06,-2.413735193538989451e-05,4.824303418831460616e-05
7.300000000000000000e+02,3.100000000000000000e+02,-2.492206673587527995e-07,-2.644658821528910961e-05,3.935151978868080302e-05
7.000000000000000000e+01,3.300000000000000000e+02,-2.349253206435295293e-06,-2.284231262588655231e-05,-5.752116465537396436e-05
9.000000000000000000e+01,3.300000000000000000e+02,-4.625454473220557569e-06,-2.090097038788919711e-05,-6.357842292603016845e-05
1.100000000000000000e+02,3.300000000000000000e+02,-7.471025321389079474e-06,-1.895962814989184190e-05,-7.159097440586706666e-05
1.300000000000000000e+02,3.300000000000000000e+02,-1.030841323592138137e-05,-1.701828591189448670e-05,-7.758612572124244319e-05
1.500000000000000000e+02,3.300000000000000000e+02,-1.234971668901387565e-05,-1.507694367389713489e-05,-8.342017042206373344e-05
1.700000000000000000e+02,3.300000000000000000e+02,-1.448216194063572239e-05,-1.743439584807903969e-05,-9.496124310340005531e-05
1.900000000000000000e+02,3.300000000000000000e+02,-1.573079324651419694e-05,-1.979184802226095126e-05,-1.019808184249522897e-04
2.100000000000000000e+02,3.300000000000000000e+02,-1.728324680035117256e-05,-2.214930019644285606e-05,-1.086624211226681609e-04
2.300000000000000000e+02,3.300000000000000000e+02,-1.840654322392393556e-05,-2.450675237062476764e-05,-1.128776079488610364e-04
2.500000000000000000e+02,3.300000000000000000e+02,-1.745723254535405905e-05,-2.686420454480667244e-05,-1.121982296309532756e-04
2.700000000000000000e+02,3.300000000000000000e+02,-1.482365113028927405e-05,-3.474569296667341000e-05,-1.141505095981282047e-04
2.900000000000000000e+02,3.300000000000000000e+02,-1.085582042293758084e-05,-4.262718138854015094e-05,-1.077618751296160722e-04
3.100000000000000000e+02,3.300000000000000000e+02,-6.448614289478180624e-06,-5.050866981040689189e-05,-9.600160467848007566e-05
3.300000000000000000e+02,3.300000000000000000e+02,9.527058126379975119e-08,-5.839015823227363284e-05,-7.545804801212539813e-05
3.500000000000000000e+02,3.300000000000000000e+02,5.360757428426813690e-06,-6.627164665414036701e-05,-5.394559075005045981e-05
3.700000000000000000e+02,3.300000000000000000e+02,9.479550536943583670e-06,-6.700074812857185786e-05,-2.438805912817868952e-05
3.900000000000000000e+02,3.300000000000000000e+02,1.246240383424471251e-05,-6.772984960300333515e-05,1.369073416539109820e-05
4.100000000000000000e+02,3.300000000000000000e+02,1.238531616512396741e-05,-6.845895107743482600e-05,4.388928615806576876e-05
4.300000000000000000e+02,3.300000000000000000e+02,1.004855404568181819e-05,-6.918805255186631685e-05,6.703126140057549061e-05
4.500000000000000000e+02,3.300000000000000000e+02,4.945287438201517044e-06,-6.991715402629779415e-05,7.991295761885648902e-05
4.700000000000000000e+02,3.300000000000000000e+02,-1.420889856460404408e-06,-5.998397754054478592e-05,9.808423820884276548e-05
4.900000000000000000e+02,3.300000000000000000e+02,-7.185482975307707413e-06,-5.005080105479177091e-05,1.021236327136169165e-04
5.100000000000000000e+02,3.300000000000000000e+02,-1.126892306889127437e-05,-4.011762456903876267e-05,1.050244077974114018e-04
5.300000000000000000e+02,3.300000000000000000e+02,-1.443872211266685727e-05,-3.018444808328575105e-05,1.080877526831659947e-04
5.500000000000000000e+02,3.300000000000000000e+02,-1.625295007842678563e-05,-2.025127159753273604e-05,1.148624045851746607e-04
5.700000000000000000e+02,3.300000000000000000e+02,-1.646956660247864097e-05,-1.895901411947912435e-05,1.121913062947242678e-04
5.900000000000000000e+02,3.300000000000000000e+02,-1.655738551549995965e-05,-1.766675664142550588e-05,9.745170758387647326e-05
6.100000000000000000e+02,3.300000000000000000e+02,-1.524377849375261278e-05,-1.637449916337189418e-05,8.644769942432118845e-05
6.300000000000000000e+02,3.300000000000000000e+02,-1.390241021891178913e-05,-1.508224168531828079e-05,7.876590867283614870e-05
6.500000000000000000e+02,3.300000000000000000e+02,-1.228817700753034899e-05,-1.378998420726466571e-05,7.299946740441295436e-05
6.700000000000000000e+02,3.300000000000000000e+02,-1.012467525259478424e-05,-1.586613170850527109e-05,6.375346350121012095e-05
6.900000000000000000e+02,3.300000000000000000e+02,-7.504196347690494972e-06,-1.794227920974587816e-05,5.347326965638850115e-05
7.100000000000000000e+02,3.300000000000000000e+02,-4.940806398336963159e-06,-2.001842671098648185e-05,4.293602988687580794e-05
7.300000000000000000e+02,3.300000000000000000e+02,-2.206443193828537181e-06,-2.209457421222708892e-05,3.374856927571425158e-05
7.000000000000000000e+01,3.500000000000000000e+02,-4.253561418678037845e-06,-1.801011056617386044e-05,-4.955560258315151056e-05
9.000000000000000000e+01,3.500000000000000000e+02,-7.015668673741550861e-06,-1.671488694605355506e-05,-5.684505151036296658e-05
1.100000000000000000e+02,3.500000000000000000e+02,-1.024803568169035400e-05,-1.541966332593325305e-05,-6.441984411622989808e-05
1.300000000000000000e+02,3.500000000000000000e+02,-1.364665448226579299e-05,-1.412443970581295105e-05,-7.445695097202392624e-05
1.500000000000000000e+02,3.500000000000000000e+02,-1.584429071771544401e-05,-1.282921608569264736e-05,-8.022966064956194639e-05
1.700000000000000000e+02,3.500000000000000000e+02,-1.839324581658977178e-05,-1.540740666567974479e-05,-8.941995318157019176e-05
1.900000000000000000e+02,3.500000000000000000e+02,-2.010198704269430209e-05,-1.798559724566684391e-05,-9.795167286644970316e-05
2.100000000000000000e+02,3.500000000000000000e+02,-2.224996951616605272e-05,-2.056378782565394304e-05,-1.061852585073211542e-04
2.300000000000000000e+02,3.500000000000000000e+02,-2.382211214617291242e-05,-2.314197840564104217e-05,-1.126959133956367994e-04
2.500000000000000000e+02,3.500000000000000000e+02,-2.311942741431911353e-05,-2.572016898562813790e-05,-1.134887572391080827e-04
2.700000000000000000e+02,3.500000000000000000e+02,-2.027171079625668488e-05,-3.560578334647086904e-05,-1.163590945250874797e-04
2.900000000000000000e+02,3.500000000000000000e+02,-1.628069475658511413e-05,-4.549139770731360356e-05,-1.133224329424305601e-04
3.100000000000000000e+02,3.500000000000000000e+02,-1.150971637128776280e-05,-5.537701206815633131e-05,-1.038691758996866123e-04
3.300000000000000000e+02,3.500000000000000000e+02,-4.027895352519268555e-06,-6.526262642899905906e-05,-8.679520023474563903e-05
3.500000000000000000e+02,3.500000000000000000e+02,1.752782529953809939e-06,-7.514824078984179358e-05,-6.527009615778456503e-05
3.700000000000000000e+02,3.500000000000000000e+02,6.465743126264676346e-06,-7.599661668920700637e-05,-2.027161951350843488e-05
3.900000000000000000e+02,3.500000000000000000e+02,9.906352606274136237e-06,-7.684499258857223271e-05,2.231353912765819464e-05
4.100000000000000000e+02,3.500000000000000000e+02,9.940707939099342210e-06,-7.769336848793744550e-05,5.584859831275658241e-05
4.300000000000000000e+02,3.500000000000000000e+02,7.184579179584004405e-06,-7.854174438730267185e-05,8.105106837516660621e-05
4.500000000000000000e+02,3.500000000000000000e+02,9.770135017885949590e-07,-7.939012028666788464e-05,9.632600743423494862e-05
4.700000000000000000e+02,3.500000000000000000e+02,-6.250830240154615641e-06,-6.695196972300350576e-05,1.035601859352834505e-04
4.900000000000000000e+02,3.500000000000000000e+02,-1.244899524951519315e-05,-5.451381915933912011e-05,1.064942094369480366e-04
5.100000000000000000e+02,3.500000000000000000e+02,-1.706829897116366571e-05,-4.207566859567474124e-05,1.103131300994476528e-04
5.300000000000000000e+02,3.500000000000000000e+02,-2.047722819530766873e-05,-2.963751803201035559e-05,1.138949210342989494e-04
5.500000000000000000e+02,3.500000000000000000e+02,-2.228969494559949265e-05,-1.719936746834597671e-05,1.210191656946088323e-04
5.700000000000000000e+02,3.500000000000000000e+02,-2.188287537608186805e-05,-1.590056776158787317e-05,1.050359298618664739e-04
5.900000000000000000e+02,3.500000000000000000e+02,-2.164153523285739907e-05,-1.460176805482976963e-05,8.920378043747355043e-05
6.100000000000000000e+02,3.500000000000000000e+02,-1.969384821992919336e-05,-1.330296834807166439e-05,7.919572443357136154e-05
6.300000000000000000e+02,3.500000000000000000e+02,-1.796662059582759303e-05,-1.200416864131356085e-05,7.106221570162818131e-05
6.500000000000000000e+02,3.500000000000000000e+02,-1.593944033030402616e-05,-1.070536893455545730e-05,6.712423502418476853e-05
6.700000000000000000e+02,3.500000000000000000e+02,-1.330673860514390176e-05,-1.236409447829983484e-05,5.712590078871494027e-05
6.900000000000000000e+02,3.500000000000000000e+02,-1.008593966854587438e-05,-1.402282002204421238e-05,4.642350888050231797e-05
7.100000000000000000e+02,3.500000000000000000e+02,-7.265581973360840361e-06,-1.568154556578858823e-05,3.738429147450855760e-05
7.300000000000000000e+02,3.500000000000000000e+02,-4.163665720298320556e-06,-1.734027110953296577e-05,2.910851802185991812e-05
7.000000000000000000e+01,3.700000000000000000e+02,-4.532365141120448590e-06,-1.446472884801123188e-05,-4.190835589738439086e-05
9.000000000000000000e+01,3.700000000000000000e+02,-7.195294461333467217e-06,-1.322352973238823794e-05,-4.895012748820950740e-05
1.100000000000000000e+02,3.700000000000000000e+02,-1.051377421657205015e-05,-1.198233061676524569e-05,-5.639549779142090846e-05
1.300000000000000000e+02,3.700000000000000000e+02,-1.397569637681602504e-05,-1.074113150114225175e-05,-6.416912003025042983e-05
1.500000000000000000e+02,3.700000000000000000e+02,-1.650388653309336318e-05,-9.499932385519259509e-06,-7.164360446639816428e-05
1.700000000000000000e+02,3.700000000000000000e+02,-1.946353353566699130e-05,-1.228199501989039016e-05,-8.002995279798162827e-05
1.900000000000000000e+02,3.700000000000000000e+02,-2.191603149572370104e-05,-1.506405765426152420e-05,-8.997687236676842981e-05
2.100000000000000000e+02,3.700000000000000000e+02,-2.492830716754000224e-05,-1.784612028863265655e-05,-9.945791929766447477e-05
2.300000000000000000e+02,3.700000000000000000e+02,-2.787446215942918667e-05,-2.062818292300379059e-05,-1.087874702572581425e-04
2.500000000000000000e+02,3.700000000000000000e+02,-2.908679830709547652e-05,-2.341024555737492125e-05,-1.131669711144708411e-04
2.700000000000000000e+02,3.700000000000000000e+02,-2.863349152630682363e-05,-3.592958478713831778e-05,-1.221618222341910778e-04
2.900000000000000000e+02,3.700000000000000000e+02,-2.746667025945814886e-05,-4.844892401690172447e-05,-1.268115376145818158e-04
3.100000000000000000e+02,3.700000000000000000e+02,-2.523671827205630432e-05,-6.096826324666512439e-05,-1.247244969746196268e-04
3.300000000000000000e+02,3.700000000000000000e+02,-1.970774325750172801e-05,-7.348760247642852430e-05,-1.128813673362769483e-04
3.500000000000000000e+02,3.700000000000000000e+02,-1.233586108585072950e-05,-8.600694170619192422e-05,-8.043889552126120895e-05
3.700000000000000000e+02,3.700000000000000000e+02,-3.065805347909280086e-06,-8.677048548517163362e-05,-2.733861203335731852e-05
3.900000000000000000e+02,3.700000000000000000e+02,3.577913493740928313e-06,-8.753402926415131591e-05,2.217052140085504024e-05
4.100000000000000000e+02,3.700000000000000000e+02,2.665074253927841793e-06,-8.829757304313102530e-05,5.973872096725982718e-05
4.300000000000000000e+02,3.700000000000000000e+02,-4.277534696514950918e-06,-8.906111682211072115e-05,8.490568627041374810e-05
4.500000000000000000e+02,3.700000000000000000e+02,-1.450274324904669920e-05,-8.982466060109041699e-05,9.232733047586879661e-05
4.700000000000000000e+02,3.700000000000000000e+02,-2.169846814530532555e-05,-7.461912518468371658e-05,1.035587204065237829e-04
4.900000000000000000e+02,3.700000000000000000e+02,-2.573012573161843463e-05,-5.941358976827700939e-05,1.103933232945890418e-04
5.100000000000000000e+02,3.700000000000000000e+02,-2.740282959953981403e-05,-4.420805435187030898e-05,1.158140581343466741e-04
5.300000000000000000e+02,3.700000000000000000e+02,-2.803353009870969661e-05,-2.900251893546360179e-05,1.225182295546824000e-04
5.500000000000000000e+02,3.700000000000000000e+02,-2.767199119688448130e-05,-1.379698351905689968e-05,1.113944815861001925e-04
5.700000000000000000e+02,3.700000000000000000e+02,-2.567075308885437927e-05,-1.257009196231693898e-05,9.530673314281976722e-05
5.900000000000000000e+02,3.700000000000000000e+02,-2.377273701119952533e-05,-1.134320040557697488e-05,8.277612097577150951e-05
6.100000000000000000e+02,3.700000000000000000e+02,-2.100138435428741861e-05,-1.011630884883701418e-05,7.215658723051500629e-05
6.300000000000000000e+02,3.700000000000000000e+02,-1.863117708294308490e-05,-8.889417292097050082e-06,6.518863788730238685e-05
6.500000000000000000e+02,3.700000000000000000e+02,-1.621152473351202756e-05,-7.662525735357089376e-06,5.828006532036921486e-05
6.700000000000000000e+02,3.700000000000000000e+02,-1.325798709993995061e-05,-9.223152875932219368e-06,5.036722142827641113e-05
6.900000000000000000e+02,3.700000000000000000e+02,-1.001492315366735106e-05,-1.078378001650735275e-05,4.186080849345425543e-05
7.100000000000000000e+02,3.700000000000000000e+02,-7.252699349645667912e-06,-1.234440715708248274e-05,3.172316017314644188e-05
7.300000000000000000e+02,3.700000000000000000e+02,-4.281232861800754737e-06,-1.390503429765761612e-05,2.355682565403272895e-05
7.000000000000000000e+01,3.900000000000000000e+02,-4.811168863562858488e-06,-1.068691037855868204e-05,-3.532487188938505392e-05
9.000000000000000000e+01,3.900000000000000000e+02,-7.374920248925381879e-06,-9.554667759900072261e-06,-4.139209877699982358e-05
1.100000000000000000e+02,3.900000000000000000e+02,-1.077951275145374461e-05,-8.422425141241465869e-06,-4.897261388337119761e-05
1.300000000000000000e+02,3.900000000000000000e+02,-1.430473827136625709e-05,-7.290182522582857783e-06,-5.458024480327312118e-05
1.500000000000000000e+02,3.900000000000000000e+02,-1.716348234847128235e-05,-6.157939903924250544e-06,-6.001640593537921266e-05
1.700000000000000000e+02,3.900000000000000000e+02,-2.053382125474420742e-05,-9.259265540849932714e-06,-7.181519402170135008e-05
1.900000000000000000e+02,3.900000000000000000e+02,-2.373007594875309659e-05,-1.236059117777561742e-05,-8.110336176522335431e-05
2.100000000000000000e+02,3.900000000000000000e+02,-2.760664481891395177e-05,-1.546191681470129875e-05,-9.344282736788098447e-05
2.300000000000000000e+02,3.900000000000000000e+02,-3.192681217268546093e-05,-1.856324245162698346e-05,-1.021014805777438364e-04
2.500000000000000000e+02,3.900000000000000000e+02,-3.505416919987183950e-05,-2.166456808855266478e-05,-1.102571980886474121e-04
2.700000000000000000e+02,3.900000000000000000e+02,-3.699527225635695899e-05,-3.628756087618264278e-05,-1.273270204769466857e-04
2.900000000000000000e+02,3.900000000000000000e+02,-3.865264576233119038e-05,-5.091055366381261739e-05,-1.401115304284747984e-04
3.100000000000000000e+02,3.900000000000000000e+02,-3.896372017282485770e-05,-6.553354645144259200e-05,-1.458075529183513986e-04
3.300000000000000000e+02,3.900000000000000000e+02,-3.538759116248419763e-05,-8.015653923907258016e-05,-1.333822735362381526e-04
3.500000000000000000e+02,3.900000000000000000e+02,-2.642450470165527826e-05,-9.477953202670254121e-05,-1.006989700621815058e-04
3.700000000000000000e+02,3.900000000000000000e+02,-1.259735382208324160e-05,-9.556161099658243220e-05,-4.097752822523432960e-05
3.900000000000000000e+02,3.900000000000000000e+02,-2.750525618792283847e-06,-9.634368996646229609e-05,1.777577991208917319e-05
4.100000000000000000e+02,3.900000000000000000e+02,-4.610559431243659470e-06,-9.712576893634217352e-05,6.125769192551113601e-05
4.300000000000000000e+02,3.900000000000000000e+02,-1.573964857261390878e-05,-9.790784790622205096e-05,9.731651731631119529e-05
4.500000000000000000e+02,3.900000000000000000e+02,-2.998249999988200119e-05,-9.868992687610192839e-05,1.017413397446035987e-04
4.700000000000000000e+02,3.900000000000000000e+02,-3.714610605045603461e-05,-8.088758606118298168e-05,1.146687311880996039e-04
4.900000000000000000e+02,3.900000000000000000e+02,-3.901125621372167611e-05,-6.308524524626400785e-05,1.229170117939257017e-04
5.100000000000000000e+02,3.900000000000000000e+02,-3.773736022791596574e-05,-4.528290443134505436e-05,1.312908270312662228e-04
5.300000000000000000e+02,3.900000000000000000e+02,-3.558983200211172449e-05,-2.748056361642609409e-05,1.111035916682786445e-04
5.500000000000000000e+02,3.900000000000000000e+02,-3.305428744816948011e-05,-9.678222801507132132e-06,1.020090612641713943e-04
5.700000000000000000e+02,3.900000000000000000e+02,-2.945863080162688710e-05,-8.642150251755706790e-06,8.487154150323258841e-05
5.900000000000000000e+02,3.900000000000000000e+02,-2.590393878954165837e-05,-7.606077702004281448e-06,7.307691178788192098e-05
6.100000000000000000e+02,3.900000000000000000e+02,-2.230892048864564046e-05,-6.570005152252856953e-06,6.408581814466129251e-05
6.300000000000000000e+02,3.900000000000000000e+02,-1.929573357005857676e-05,-5.533932602501430764e-06,5.665305552082197026e-05
6.500000000000000000e+02,3.900000000000000000e+02,-1.648360913672003235e-05,-4.497860052750006270e-06,5.063132424718954695e-05
6.700000000000000000e+02,3.900000000000000000e+02,-1.320923559473599777e-05,-5.891115927468632925e-06,4.232895811064800798e-05
6.900000000000000000e+02,3.900000000000000000e+02,-9.943906638788826044e-06,-7.284371802187260427e-06,3.469940007827685086e-05
7.100000000000000000e+02,3.900000000000000000e+02,-7.239816725930495463e-06,-8.677627676905887082e-06,2.660484505226284042e-05
7.300000000000000000e+02,3.900000000000000000e+02,-4.398800003303188071e-06,-1.007088355162451374e-05,1.997616036194715727e-05
7.000000000000000000e+01,4.100000000000000000e+02,-5.089972586005268386e-06,-6.862691861500931445e-06,-2.776376233138116555e-05
9.000000000000000000e+01,4.100000000000000000e+02,-7.554546036517297388e-06,-5.858922981293633464e-06,-3.464855060289251431e-05
1.100000000000000000e+02,4.100000000000000000e+02,-1.104525128633544077e-05,-4.855154101086337177e-06,-3.979379311080949992e-05
1.300000000000000000e+02,4.100000000000000000e+02,-1.463378016591648914e-05,-3.851385220879040043e-06,-4.521246919409933093e-05
1.500000000000000000e+02,4.100000000000000000e+02,-1.782307816384920152e-05,-2.847616340671743333e-06,-5.104298354880998617e-05
1.700000000000000000e+02,4.100000000000000000e+02,-2.160410897382142694e-05,-5.477280858449160261e-06,-6.101906504594579539e-05
1.900000000000000000e+02,4.100000000000000000e+02,-2.554412040178249214e-05,-8.106945376226576766e-06,-7.205549468243798448e-05
2.100000000000000000e+02,4.100000000000000000e+02,-3.028498247028790129e-05,-1.073660989400399327e-05,-7.981298976453968306e-05
2.300000000000000000e+02,4.100000000000000000e+02,-3.597916218594173518e-05,-1.336627441178141147e-05,-9.177881754429119095e-05
2.500000000000000000e+02,4.100000000000000000e+02,-4.102154009264820248e-05,-1.599593892955882628e-05,-1.016653699361142903e-04
2.700000000000000000e+02,4.100000000000000000e+02,-4.535705298640709774e-05,-3.293819674357188250e-05,-1.250873461555996170e-04
2.900000000000000000e+02,4.100000000000000000e+02,-4.983862126520422511e-05,-4.988045455758494210e-05,-1.471375232616028679e-04
3.100000000000000000e+02,4.100000000000000000e+02,-5.269072207359340091e-05,-6.682271237159799493e-05,-1.601157654475224041e-04
3.300000000000000000e+02,4.100000000000000000e+02,-5.106743906746666047e-05,-8.376497018561105453e-05,-1.581505429637742786e-04
3.500000000000000000e+02,4.100000000000000000e+02,-4.051314831745981854e-05,-1.007072279996241141e-04,-1.307265998319654646e-04
3.700000000000000000e+02,4.100000000000000000e+02,-2.212890229625719973e-05,-1.019510906316393328e-04,-6.338383799319721257e-05
3.900000000000000000e+02,4.100000000000000000e+02,-9.078964731325492619e-06,-1.031949532636545515e-04,4.185047921101468869e-06
4.100000000000000000e+02,4.100000000000000000e+02,-1.188619311641516031e-05,-1.044388158956697566e-04,9.793804564587881034e-05
4.300000000000000000e+02,4.100000000000000000e+02,-2.720176244871286156e-05,-1.056826785276849889e-04,1.363775675429999270e-04
4.500000000000000000e+02,4.100000000000000000e+02,-4.546225675071729810e-05,-1.069265411597001940e-04,1.336417633155908191e-04
4.700000000000000000e+02,4.100000000000000000e+02,-5.259374395560673012e-05,-8.641002088967113140e-05,1.435794306068578308e-04
4.900000000000000000e+02,4.100000000000000000e+02,-5.229238669582491760e-05,-6.589350061964204170e-05,1.505642249580043768e-04
5.100000000000000000e+02,4.100000000000000000e+02,-4.807189085629211066e-05,-4.537698034961297911e-05,1.149392183160695597e-04
5.300000000000000000e+02,4.100000000000000000e+02,-4.314613390551374898e-05,-2.486046007958389958e-05,9.753121254437020456e-05
5.500000000000000000e+02,4.100000000000000000e+02,-3.843658369945446876e-05,-4.343939809554833600e-06,9.092363593997214704e-05
5.700000000000000000e+02,4.100000000000000000e+02,-3.324650851439939832e-05,-3.947366435587430055e-06,7.273498948885348211e-05
5.900000000000000000e+02,4.100000000000000000e+02,-2.803514056788378801e-05,-3.550793061620026510e-06,6.149525518168497996e-05
6.100000000000000000e+02,4.100000000000000000e+02,-2.361645662300386231e-05,-3.154219687652622541e-06,5.480303981411872784e-05
6.300000000000000000e+02,4.100000000000000000e+02,-1.996029005717406523e-05,-2.757646313685218995e-06,4.815538446521797848e-05
6.500000000000000000e+02,4.100000000000000000e+02,-1.675569353992803376e-05,-2.361072939717815450e-06,4.095564102474251358e-05
6.700000000000000000e+02,4.100000000000000000e+02,-1.316048408953204662e-05,-3.572034351554894300e-06,3.378383616988971517e-05
6.900000000000000000e+02,4.100000000000000000e+02,-9.872890123910301030e-06,-4.782995763391973573e-06,2.604861758916466585e-05
7.100000000000000000e+02,4.100000000000000000e+02,-7.226934102215323861e-06,-5.993957175229052846e-06,2.099910987462384428e-05
7.300000000000000000e+02,4.100000000000000000e+02,-4.516367144805622252e-06,-7.204918587066132966e-06,1.586773968988188836e-05
7.000000000000000000e+01,4.300000000000000000e+02,-5.368776308447679131e-06,-5.109267252697544915e-06,-2.273959756269922674e-05
9.000000000000000000e+01,4.300000000000000000e+02,-7.734171824109213744e-06,-4.221100500337064724e-06,-2.743007885125279763e-05
1.100000000000000000e+02,4.300000000000000000e+02,-1.131098982121713692e-05,-3.332933747976586227e-06,-3.260043172770188034e-05
1.300000000000000000e+02,4.300000000000000000e+02,-1.496282206046672288e-05,-2.444766995616106883e-06,-3.861148182997559011e-05
1.500000000000000000e+02,4.300000000000000000e+02,-1.848267397922712070e-05,-1.556600243255627751e-06,-4.372320584641437816e-05
1.700000000000000000e+02,4.300000000000000000e+02,-2.267439669289864984e-05,-3.507257579564598102e-06,-5.394090835171733188e-05
1.900000000000000000e+02,4.300000000000000000e+02,-2.735816485481189109e-05,-5.457914915873568666e-06,-5.979298501229301686e-05
2.100000000000000000e+02,4.300000000000000000e+02,-3.296332012166185420e-05,-7.408572252182538382e-06,-6.813398293210922037e-05
2.300000000000000000e+02,4.300000000000000000e+02,-4.003151219919800943e-05,-9.359229588491508098e-06,-7.901127431477321405e-05
2.500000000000000000e+02,4.300000000000000000e+02,-4.698891098542456546e-05,-1.130988692480047866e-05,-9.279129406909540894e-05
2.700000000000000000e+02,4.300000000000000000e+02,-5.371883371645723649e-05,-3.032271762492539768e-05,-1.217259072157657448e-04
2.900000000000000000e+02,4.300000000000000000e+02,-6.102459676807726663e-05,-4.933554832505032347e-05,-1.444487260316707476e-04
3.100000000000000000e+02,4.300000000000000000e+02,-6.641772397436195767e-05,-6.834837902517523571e-05,-1.677602090659236237e-04
3.300000000000000000e+02,4.300000000000000000e+02,-6.674728697244913008e-05,-8.736120972530017506e-05,-1.818692426184952300e-04
3.500000000000000000e+02,4.300000000000000000e+02,-5.460179193326436899e-05,-1.063740404254250873e-04,-1.663018134859986616e-04
3.700000000000000000e+02,4.300000000000000000e+02,-3.166045077043115955e-05,-1.074324459965357207e-04,-1.002672006620485354e-04
3.900000000000000000e+02,4.300000000000000000e+02,-1.540740384385870393e-05,-1.084908515676463405e-04,4.316371672900750365e-05
4.100000000000000000e+02,4.300000000000000000e+02,-1.916182680158666284e-05,-1.095492571387569739e-04,1.547111680049490943e-04
4.300000000000000000e+02,4.300000000000000000e+02,-3.866387632481182112e-05,-1.106076627098675938e-04,2.054053172469041510e-04
4.500000000000000000e+02,4.300000000000000000e+02,-6.094201350155259840e-05,-1.116660682809782272e-04,2.029219149631678975e-04
4.700000000000000000e+02,4.300000000000000000e+02,-6.804138186075744596e-05,-8.946306171695737116e-05,2.035926650791547248e-04
4.900000000000000000e+02,4.300000000000000000e+02,-6.557351717792815908e-05,-6.726005515293650159e-05,1.309630259597335485e-04
5.100000000000000000e+02,4.300000000000000000e+02,-5.840642148466826237e-05,-4.505704858891564557e-05,9.343070127040500493e-05
5.300000000000000000e+02,4.300000000000000000e+02,-5.070243580891578024e-05,-2.285404202489478277e-05,7.644356470689207383e-05
5.500000000000000000e+02,4.300000000000000000e+02,-4.381887995073946418e-05,-6.510354608739279180e-07,7.229460595679508593e-05
5.700000000000000000e+02,4.300000000000000000e+02,-3.703438622717190615e-05,-6.307781351258149375e-07,5.556916724884888078e-05
5.900000000000000000e+02,4.300000000000000000e+02,-3.016634234622591766e-05,-6.105208093777018512e-07,4.882486252286649615e-05
6.100000000000000000e+02,4.300000000000000000e+02,-2.492399275736208755e-05,-5.902634836295888707e-07,4.339667615994071006e-05
6.300000000000000000e+02,4.300000000000000000e+02,-2.062484654428955709e-05,-5.700061578814758903e-07,3.731308902786205459e-05
6.500000000000000000e+02,4.300000000000000000e+02,-1.702777794313603855e-05,-5.497488321333628040e-07,3.120437111132533996e-05
6.700000000000000000e+02,4.300000000000000000e+02,-1.311173258432809716e-05,-1.584215127702660985e-06,2.396614560336399495e-05
6.900000000000000000e+02,4.300000000000000000e+02,-9.801873609031776016e-06,-2.618681423271959907e-06,2.070724593826170281e-05
7.100000000000000000e+02,4.300000000000000000e+02,-7.214051478500151412e-06,-3.653147718841257770e-06,1.557669364761854561e-05
7.300000000000000000e+02,4.300000000000000000e+02,-4.633934286308057280e-06,-4.687614014410556904e-06,1.040378100187574931e-05
